cox-29223200-3253126507749911684419710252334316353478,[WTWRP] Votable,Deathmatch,afterslime,2019-06-04 18:44:34 UTC,kirkkatie,jefferywheeler,Hagar,45,58
cox-29223200-3253126507749911684419710252334316353478,[WTWRP] Votable,Deathmatch,afterslime,2019-06-04 18:07:48 UTC,kirkkatie,cabrerakyle,Hagar,8,43
cox-29223200-3253126507749911684419710252334316353478,[WTWRP] Votable,Deathmatch,afterslime,2019-06-04 18:39:21 UTC,ryan96,amberbrown,Hagar,25,21
cox-29223200-3253126507749911684419710252334316353478,[WTWRP] Votable,Deathmatch,afterslime,2019-06-04 18:25:52 UTC,morgansteven,jefferywheeler,Hagar,40,55
cox-29223200-3253126507749911684419710252334316353478,[WTWRP] Votable,Deathmatch,afterslime,2019-06-04 18:57:48 UTC,jefferywheeler,amberbrown,Hagar,27,29
cox-29223200-3253126507749911684419710252334316353478,[WTWRP] Votable,Deathmatch,afterslime,2019-06-04 18:22:42 UTC,dennisfloyd,cabrerakyle,Hagar,35,43
cox-29223200-3253126507749911684419710252334316353478,[WTWRP] Votable,Deathmatch,afterslime,2019-06-04 18:20:12 UTC,amberbrown,shortalexander,Hagar,79,35
cox-29223200-3253126507749911684419710252334316353478,[WTWRP] Votable,Deathmatch,afterslime,2019-06-04 18:32:07 UTC,crodriguez,cabrerakyle,Hagar,97,49
cox-29223200-3253126507749911684419710252334316353478,[WTWRP] Votable,Deathmatch,afterslime,2019-06-04 18:24:15 UTC,jefferywheeler,cabrerakyle,Hagar,41,36
cox-29223200-3253126507749911684419710252334316353478,[WTWRP] Votable,Deathmatch,afterslime,2019-06-04 18:44:32 UTC,cabrerakyle,kirkkatie,Hagar,3,73
cox-29223200-3253126507749911684419710252334316353478,[WTWRP] Votable,Deathmatch,afterslime,2019-06-04 18:03:09 UTC,cabrerakyle,amberbrown,Hagar,67,45
le-29223200-32531265077499116844197102523343163534879,[WTWRP] Deathmatch,Deathmatch,afterslime,2019-06-04 19:09:59 UTC,ewilliams,ewilliams,Hagar,32,71
le-29223200-32531265077499116844197102523343163534879,[WTWRP] Deathmatch,Deathmatch,afterslime,2019-06-04 19:11:36 UTC,jamespadilla,sanderssheila,Hagar,91,26
le-29223200-32531265077499116844197102523343163534879,[WTWRP] Deathmatch,Deathmatch,afterslime,2019-06-04 19:59:24 UTC,zjordan,sjohnson,Hagar,56,43
le-29223200-32531265077499116844197102523343163534879,[WTWRP] Deathmatch,Deathmatch,afterslime,2019-06-04 19:01:51 UTC,ewilliams,sanderssheila,Hagar,84,30
le-29223200-32531265077499116844197102523343163534879,[WTWRP] Deathmatch,Deathmatch,afterslime,2019-06-04 19:00:11 UTC,ewilliams,zjordan,Hagar,41,27
le-29223200-32531265077499116844197102523343163534879,[WTWRP] Deathmatch,Deathmatch,afterslime,2019-06-04 19:57:06 UTC,zjordan,zjordan,Hagar,34,44
le-29223200-32531265077499116844197102523343163534879,[WTWRP] Deathmatch,Deathmatch,afterslime,2019-06-04 19:18:29 UTC,ewilliams,jacksonerica,Hagar,22,20
le-29223200-32531265077499116844197102523343163534879,[WTWRP] Deathmatch,Deathmatch,afterslime,2019-06-04 19:10:18 UTC,jamespadilla,zjordan,Hagar,31,12
le-29223200-32531265077499116844197102523343163534879,[WTWRP] Deathmatch,Deathmatch,afterslime,2019-06-04 19:13:34 UTC,crice,sanderssheila,Hagar,89,45
le-29223200-32531265077499116844197102523343163534879,[WTWRP] Deathmatch,Deathmatch,afterslime,2019-06-04 19:38:07 UTC,martincourtney,zjordan,Hagar,37,34
le-29223200-32531265077499116844197102523343163534879,[WTWRP] Deathmatch,Deathmatch,afterslime,2019-06-04 19:20:17 UTC,sanderssheila,jacksonerica,Hagar,38,59
le-29223200-32531265077499116844197102523343163534879,[WTWRP] Deathmatch,Deathmatch,afterslime,2019-06-04 19:52:15 UTC,ewilliams,martincourtney,Hagar,33,27
le-29223200-32531265077499116844197102523343163534879,[WTWRP] Deathmatch,Deathmatch,afterslime,2019-06-04 19:15:22 UTC,ewilliams,zjordan,Hagar,49,45
le-29223200-32531265077499116844197102523343163534879,[WTWRP] Deathmatch,Deathmatch,afterslime,2019-06-04 19:32:09 UTC,crice,sjohnson,Hagar,39,25
le-29223200-32531265077499116844197102523343163534879,[WTWRP] Deathmatch,Deathmatch,afterslime,2019-06-04 19:46:25 UTC,fosterrebecca,martincourtney,Hagar,46,11
le-29223200-32531265077499116844197102523343163534879,[WTWRP] Deathmatch,Deathmatch,afterslime,2019-06-04 19:37:27 UTC,ewilliams,jacksonerica,Hagar,33,26
le-29223200-32531265077499116844197102523343163534879,[WTWRP] Deathmatch,Deathmatch,afterslime,2019-06-04 19:39:08 UTC,sanderssheila,ewilliams,Hagar,30,21
le-29223200-32531265077499116844197102523343163534879,[WTWRP] Deathmatch,Deathmatch,afterslime,2019-06-04 19:08:16 UTC,crice,martincourtney,Hagar,24,84
le-29223200-32531265077499116844197102523343163534879,[WTWRP] Deathmatch,Deathmatch,afterslime,2019-06-04 19:35:00 UTC,martincourtney,zjordan,Hagar,71,37
le-29223200-32531265077499116844197102523343163534879,[WTWRP] Deathmatch,Deathmatch,afterslime,2019-06-04 19:44:38 UTC,sanderssheila,sanderssheila,Hagar,76,91
le-29223200-32531265077499116844197102523343163534879,[WTWRP] Deathmatch,Deathmatch,afterslime,2019-06-04 19:27:42 UTC,crice,martincourtney,Hagar,7,71
le-29223200-32531265077499116844197102523343163534879,[WTWRP] Deathmatch,Deathmatch,afterslime,2019-06-04 19:53:25 UTC,david69,sanderssheila,Hagar,54,95
le-29223200-32531265077499116844197102523343163534879,[WTWRP] Deathmatch,Deathmatch,afterslime,2019-06-04 19:27:19 UTC,crice,david69,Hagar,82,49
moon-29223200-325312650774991168441971025233431635349,exe.pub | Relaxed Running | CTS/XDF,Deathmatch,solarium,2019-06-04 21:25:42 UTC,lisa02,wendy19,Hagar,89,37
moon-29223200-325312650774991168441971025233431635349,exe.pub | Relaxed Running | CTS/XDF,Deathmatch,solarium,2019-06-04 21:29:20 UTC,lherrera,lindsay18,Hagar,24,44
moon-29223200-325312650774991168441971025233431635349,exe.pub | Relaxed Running | CTS/XDF,Deathmatch,solarium,2019-06-04 21:59:34 UTC,lherrera,richardstuart,Hagar,15,41
moon-29223200-325312650774991168441971025233431635349,exe.pub | Relaxed Running | CTS/XDF,Deathmatch,solarium,2019-06-04 21:58:08 UTC,wendy19,codyjackson,Hagar,49,77
moon-29223200-325312650774991168441971025233431635349,exe.pub | Relaxed Running | CTS/XDF,Deathmatch,solarium,2019-06-04 21:06:03 UTC,lisa02,lherrera,Hagar,57,43
moon-29223200-325312650774991168441971025233431635349,exe.pub | Relaxed Running | CTS/XDF,Deathmatch,solarium,2019-06-04 21:07:15 UTC,lherrera,daniel10,Hagar,78,43
moon-29223200-325312650774991168441971025233431635349,exe.pub | Relaxed Running | CTS/XDF,Deathmatch,solarium,2019-06-04 21:58:27 UTC,lherrera,robertphelps,Hagar,30,31
moon-29223200-325312650774991168441971025233431635349,exe.pub | Relaxed Running | CTS/XDF,Deathmatch,solarium,2019-06-04 21:53:31 UTC,lisa02,codyjackson,Hagar,43,47
moon-29223200-325312650774991168441971025233431635349,exe.pub | Relaxed Running | CTS/XDF,Deathmatch,solarium,2019-06-04 21:34:48 UTC,richardstuart,lherrera,Hagar,30,34
moon-29223200-325312650774991168441971025233431635349,exe.pub | Relaxed Running | CTS/XDF,Deathmatch,solarium,2019-06-04 21:42:58 UTC,lisa02,robertphelps,Hagar,30,43
moon-29223200-325312650774991168441971025233431635349,exe.pub | Relaxed Running | CTS/XDF,Deathmatch,solarium,2019-06-04 21:42:51 UTC,lherrera,wendy19,Hagar,74,37
moon-29223200-325312650774991168441971025233431635349,exe.pub | Relaxed Running | CTS/XDF,Deathmatch,solarium,2019-06-04 21:55:05 UTC,lherrera,robertphelps,Hagar,7,2
moon-29223200-325312650774991168441971025233431635349,exe.pub | Relaxed Running | CTS/XDF,Deathmatch,solarium,2019-06-04 21:28:46 UTC,ryan94,richardstuart,Hagar,32,36
moon-29223200-325312650774991168441971025233431635349,exe.pub | Relaxed Running | CTS/XDF,Deathmatch,solarium,2019-06-04 21:07:53 UTC,lherrera,lisa02,Hagar,47,40
moon-29223200-325312650774991168441971025233431635349,exe.pub | Relaxed Running | CTS/XDF,Deathmatch,solarium,2019-06-04 21:28:10 UTC,lisa02,robertphelps,Hagar,46,32
moon-29223200-325312650774991168441971025233431635349,exe.pub | Relaxed Running | CTS/XDF,Deathmatch,solarium,2019-06-04 21:27:55 UTC,lisa02,codyjackson,Hagar,51,25
moon-29223200-325312650774991168441971025233431635349,exe.pub | Relaxed Running | CTS/XDF,Deathmatch,solarium,2019-06-04 21:36:35 UTC,lisa02,lherrera,Hagar,3,35
moon-29223200-325312650774991168441971025233431635349,exe.pub | Relaxed Running | CTS/XDF,Deathmatch,solarium,2019-06-04 21:28:06 UTC,robertphelps,robertphelps,Hagar,44,38
moon-29223200-325312650774991168441971025233431635349,exe.pub | Relaxed Running | CTS/XDF,Deathmatch,solarium,2019-06-04 21:33:36 UTC,glang,glang,Hagar,35,6
moon-29223200-325312650774991168441971025233431635349,exe.pub | Relaxed Running | CTS/XDF,Deathmatch,solarium,2019-06-04 21:38:51 UTC,lisa02,codyjackson,Hagar,52,59
moon-29223200-325312650774991168441971025233431635349,exe.pub | Relaxed Running | CTS/XDF,Deathmatch,solarium,2019-06-04 21:44:54 UTC,glang,daniel10,Hagar,86,37
moon-29223200-325312650774991168441971025233431635349,exe.pub | Relaxed Running | CTS/XDF,Deathmatch,solarium,2019-06-04 21:44:39 UTC,lisa02,lherrera,Hagar,19,45
moon-29223200-325312650774991168441971025233431635349,exe.pub | Relaxed Running | CTS/XDF,Deathmatch,solarium,2019-06-04 21:52:00 UTC,codyjackson,wendy19,Hagar,32,59
moon-29223200-325312650774991168441971025233431635349,exe.pub | Relaxed Running | CTS/XDF,Deathmatch,solarium,2019-06-04 21:27:15 UTC,lindsay18,lindsay18,Hagar,32,98
moon-29223200-325312650774991168441971025233431635349,exe.pub | Relaxed Running | CTS/XDF,Deathmatch,solarium,2019-06-04 21:28:23 UTC,glang,richardstuart,Hagar,56,75
moon-29223200-325312650774991168441971025233431635349,exe.pub | Relaxed Running | CTS/XDF,Deathmatch,solarium,2019-06-04 21:10:54 UTC,lherrera,lisa02,Hagar,36,91
moon-29223200-325312650774991168441971025233431635349,exe.pub | Relaxed Running | CTS/XDF,Deathmatch,solarium,2019-06-04 21:47:41 UTC,lisa02,lisa02,Hagar,21,40
moon-29223200-325312650774991168441971025233431635349,exe.pub | Relaxed Running | CTS/XDF,Deathmatch,solarium,2019-06-04 21:24:03 UTC,wendy19,lherrera,Hagar,93,32
moon-29223200-325312650774991168441971025233431635349,exe.pub | Relaxed Running | CTS/XDF,Deathmatch,solarium,2019-06-04 21:46:07 UTC,daniel10,glang,Hagar,14,36
moon-29223200-325312650774991168441971025233431635349,exe.pub | Relaxed Running | CTS/XDF,Deathmatch,solarium,2019-06-04 21:30:03 UTC,robertphelps,wendy19,Hagar,56,48
moon-29223200-325312650774991168441971025233431635349,exe.pub | Relaxed Running | CTS/XDF,Deathmatch,solarium,2019-06-04 21:02:08 UTC,lisa02,lisa02,Hagar,9,20
moon-29223200-325312650774991168441971025233431635349,exe.pub | Relaxed Running | CTS/XDF,Deathmatch,solarium,2019-06-04 21:20:50 UTC,codyjackson,wendy19,Hagar,97,31
moon-29223200-325312650774991168441971025233431635349,exe.pub | Relaxed Running | CTS/XDF,Deathmatch,solarium,2019-06-04 21:53:14 UTC,glang,codyjackson,Hagar,72,32
moon-29223200-325312650774991168441971025233431635349,exe.pub | Relaxed Running | CTS/XDF,Deathmatch,solarium,2019-06-04 21:03:03 UTC,glang,lherrera,Hagar,26,53
todd-29223200-325312650774991168441971025233431635348,(SMB) Kansas Public [git],Keyhunt,atelier,2019-06-04 20:17:24 UTC,syoung,williambarber,Hagar,38,37
todd-29223200-325312650774991168441971025233431635348,(SMB) Kansas Public [git],Keyhunt,atelier,2019-06-04 20:58:59 UTC,syoung,krameramy,Hagar,95,31
todd-29223200-325312650774991168441971025233431635348,(SMB) Kansas Public [git],Keyhunt,atelier,2019-06-04 20:09:44 UTC,stephen06,fletchereric,Hagar,40,36
todd-29223200-325312650774991168441971025233431635348,(SMB) Kansas Public [git],Keyhunt,atelier,2019-06-04 20:44:26 UTC,stephen06,krameramy,Hagar,43,33
todd-29223200-325312650774991168441971025233431635348,(SMB) Kansas Public [git],Keyhunt,atelier,2019-06-04 20:20:39 UTC,lhaynes,krameramy,Hagar,71,66
todd-29223200-325312650774991168441971025233431635348,(SMB) Kansas Public [git],Keyhunt,atelier,2019-06-04 20:37:06 UTC,fletchereric,stephen06,Hagar,70,41
todd-29223200-325312650774991168441971025233431635348,(SMB) Kansas Public [git],Keyhunt,atelier,2019-06-04 20:05:30 UTC,sanchezamy,miguel63,Hagar,94,42
todd-29223200-325312650774991168441971025233431635348,(SMB) Kansas Public [git],Keyhunt,atelier,2019-06-04 20:20:29 UTC,stephen06,syoung,Hagar,25,36
todd-29223200-325312650774991168441971025233431635348,(SMB) Kansas Public [git],Keyhunt,atelier,2019-06-04 20:27:43 UTC,syoung,lhaynes,Hagar,23,22
todd-29223200-325312650774991168441971025233431635348,(SMB) Kansas Public [git],Keyhunt,atelier,2019-06-04 20:07:50 UTC,krameramy,stephen06,Hagar,72,81
todd-29223200-325312650774991168441971025233431635348,(SMB) Kansas Public [git],Keyhunt,atelier,2019-06-04 20:46:33 UTC,bruce30,lhaynes,Hagar,26,49
todd-29223200-325312650774991168441971025233431635348,(SMB) Kansas Public [git],Keyhunt,atelier,2019-06-04 20:35:15 UTC,krameramy,syoung,Hagar,42,83
todd-29223200-325312650774991168441971025233431635348,(SMB) Kansas Public [git],Keyhunt,atelier,2019-06-04 20:37:43 UTC,sanchezamy,sanchezamy,Hagar,37,25
todd-29223200-325312650774991168441971025233431635348,(SMB) Kansas Public [git],Keyhunt,atelier,2019-06-04 20:51:51 UTC,williambarber,krameramy,Hagar,27,90
todd-29223200-325312650774991168441971025233431635348,(SMB) Kansas Public [git],Keyhunt,atelier,2019-06-04 20:37:49 UTC,lhaynes,stephen06,Hagar,88,79
todd-29223200-325312650774991168441971025233431635348,(SMB) Kansas Public [git],Keyhunt,atelier,2019-06-04 20:50:12 UTC,sanchezamy,syoung,Hagar,37,43
todd-29223200-325312650774991168441971025233431635348,(SMB) Kansas Public [git],Keyhunt,atelier,2019-06-04 20:37:17 UTC,krameramy,sanchezamy,Hagar,44,55
wu-29223200-32531265077499116844197102523343163534360,(SMB) Kansas Public [git],Team Death Match,afterslime,2019-06-04 13:54:44 UTC,franciscobrewer,thorntonrichard,Hagar,40,90
wu-29223200-32531265077499116844197102523343163534360,(SMB) Kansas Public [git],Team Death Match,afterslime,2019-06-04 13:05:35 UTC,ilam,franciscobrewer,Hagar,90,53
wu-29223200-32531265077499116844197102523343163534360,(SMB) Kansas Public [git],Team Death Match,afterslime,2019-06-04 13:49:52 UTC,xhenry,ilam,Hagar,27,48
wu-29223200-32531265077499116844197102523343163534360,(SMB) Kansas Public [git],Team Death Match,afterslime,2019-06-04 13:24:53 UTC,amanda48,amanda48,Hagar,44,22
wu-29223200-32531265077499116844197102523343163534360,(SMB) Kansas Public [git],Team Death Match,afterslime,2019-06-04 13:50:13 UTC,thorntonrichard,cynthiagaines,Hagar,36,43
wu-29223200-32531265077499116844197102523343163534360,(SMB) Kansas Public [git],Team Death Match,afterslime,2019-06-04 13:58:15 UTC,brianjordan,xhenry,Hagar,37,44
wu-29223200-32531265077499116844197102523343163534360,(SMB) Kansas Public [git],Team Death Match,afterslime,2019-06-04 13:29:25 UTC,xhenry,amanda48,Hagar,70,47
wu-29223200-32531265077499116844197102523343163534360,(SMB) Kansas Public [git],Team Death Match,afterslime,2019-06-04 13:44:00 UTC,amanda48,cynthiagaines,Hagar,38,90
wu-29223200-32531265077499116844197102523343163534360,(SMB) Kansas Public [git],Team Death Match,afterslime,2019-06-04 13:38:13 UTC,ilam,xhenry,Hagar,25,55
wu-29223200-32531265077499116844197102523343163534360,(SMB) Kansas Public [git],Team Death Match,afterslime,2019-06-04 13:30:54 UTC,ilam,ilam,Hagar,79,72
wu-29223200-32531265077499116844197102523343163534360,(SMB) Kansas Public [git],Team Death Match,afterslime,2019-06-04 13:40:01 UTC,xchen,brianjordan,Hagar,22,45
wu-29223200-32531265077499116844197102523343163534360,(SMB) Kansas Public [git],Team Death Match,afterslime,2019-06-04 13:21:47 UTC,franciscobrewer,franciscobrewer,Hagar,44,18
wu-29223200-32531265077499116844197102523343163534360,(SMB) Kansas Public [git],Team Death Match,afterslime,2019-06-04 13:22:32 UTC,franciscobrewer,andrew94,Hagar,31,76
wu-29223200-32531265077499116844197102523343163534360,(SMB) Kansas Public [git],Team Death Match,afterslime,2019-06-04 13:00:04 UTC,brianjordan,xhenry,Hagar,30,57
wu-29223200-32531265077499116844197102523343163534360,(SMB) Kansas Public [git],Team Death Match,afterslime,2019-06-04 13:10:53 UTC,brianjordan,andrew94,Hagar,41,31
